customer_state,year,month,order_count,total_sales,period
AC,2017,1,2,1657.33,24205
AC,2017,2,3,1289.08,24206
AC,2017,3,2,530.1800000000001,24207
AC,2017,4,5,1351.51,24208
AC,2017,5,8,2382.6400000000003,24209
AC,2017,6,4,510.27,24210
AC,2017,7,5,794.4,24211
AC,2017,8,4,765.83,24212
AC,2017,9,5,2029.23,24213
AC,2017,10,6,958.17,24214
AC,2017,11,5,945.16,24215
AC,2017,12,5,1855.76,24216
AC,2018,1,6,1157.89,24217
AC,2018,2,3,299.22,24218
AC,2018,3,2,164.67000000000002,24219
AC,2018,4,4,588.17,24220
AC,2018,5,2,1501.42,24221
AC,2018,6,3,597.26,24222
AC,2018,7,4,5002.150000000001,24223
AC,2018,8,3,604.52,24224
AL,2016,10,2,129.89999999999998,24202
AL,2017,1,2,748.78,24205
AL,2017,2,12,2967.87,24206
AL,2017,3,10,1421.5,24207
AL,2017,4,23,5572.05,24208
AL,2017,5,27,5827.13,24209
AL,2017,6,10,1276.02,24210
AL,2017,7,17,3808.0299999999997,24211
AL,2017,8,18,11945.48,24212
AL,2017,9,20,5191.65,24213
AL,2017,10,28,9283.38,24214
AL,2017,11,26,12699.289999999999,24215
AL,2017,12,12,2680.7599999999998,24216
AL,2018,1,37,7398.62,24217
AL,2018,2,27,6125.35,24218
AL,2018,3,30,8880.59,24219
AL,2018,4,28,7908.19,24220
AL,2018,5,19,4393.1,24221
AL,2018,6,24,5124.95,24222
AL,2018,7,23,4825.2,24223
AL,2018,8,16,3076.58,24224
AM,2017,2,8,1122.54,24206
AM,2017,3,5,1016.25,24207
AM,2017,4,13,1176.23,24208
AM,2017,5,9,1321.68,24209
AM,2017,6,1,204.84,24210
AM,2017,7,5,1845.58,24211
AM,2017,8,5,1673.6299999999999,24212
AM,2017,9,9,2157.1,24213
AM,2017,10,3,164.56,24214
AM,2017,11,10,3001.01,24215
AM,2017,12,6,1173.6200000000001,24216
AM,2018,1,12,3433.46,24217
AM,2018,2,8,5128.02,24218
AM,2018,3,9,2023.46,24219
AM,2018,4,6,893.49,24220
AM,2018,5,9,2192.48,24221
AM,2018,6,7,1992.94,24222
AM,2018,7,18,3719.91,24223
AM,2018,8,4,512.5,24224
AP,2017,2,2,2003.8,24206
AP,2017,3,3,667.93,24207
AP,2017,5,5,1508.8400000000001,24209
AP,2017,6,2,643.8,24210
AP,2017,7,1,292.39,24211
AP,2017,8,3,472.58,24212
AP,2017,9,2,1245.2,24213
AP,2017,10,3,1696.74,24214
AP,2017,11,4,967.1299999999999,24215
AP,2017,12,4,770.5600000000001,24216
AP,2018,1,11,4433.32,24217
AP,2018,2,2,1086.31,24218
AP,2018,3,5,704.54,24219
AP,2018,4,5,1509.0,24220
AP,2018,5,6,1521.61,24221
AP,2018,6,2,247.92000000000002,24222
AP,2018,7,6,1613.6299999999999,24223
AP,2018,8,2,257.4,24224
BA,2016,10,4,995.34,24202
BA,2017,1,25,5153.65,24205
BA,2017,2,59,9869.0,24206
BA,2017,3,91,24673.93,24207
BA,2017,4,92,26501.7,24208
BA,2017,5,125,27622.94,24209
BA,2017,6,105,32232.19,24210
BA,2017,7,151,26081.73,24211
BA,2017,8,158,38663.12,24212
BA,2017,9,170,33439.1,24213
BA,2017,10,164,36910.04,24214
BA,2017,11,245,57003.22,24215
BA,2017,12,192,43227.5,24216
BA,2018,1,235,55790.7,24217
BA,2018,2,214,70708.7,24218
BA,2018,3,248,63102.27,24219
BA,2018,4,225,44474.75,24220
BA,2018,5,239,57039.59,24221
BA,2018,6,201,58597.54,24222
BA,2018,7,250,55895.63,24223
BA,2018,8,164,29167.84,24224
CE,2016,10,7,1949.78,24202
CE,2017,1,9,1266.13,24205
CE,2017,2,13,2581.97,24206
CE,2017,3,26,7388.88,24207
CE,2017,4,43,7720.23,24208
CE,2017,5,62,13277.86,24209
CE,2017,6,45,11557.01,24210
CE,2017,7,53,11829.49,24211
CE,2017,8,73,15813.4,24212
CE,2017,9,77,31601.02,24213
CE,2017,10,65,16264.380000000001,24214
CE,2017,11,108,28025.87,24215
CE,2017,12,81,14463.79,24216
CE,2018,1,90,27586.49,24217
CE,2018,2,88,19934.89,24218
CE,2018,3,98,32757.28,24219
CE,2018,4,100,22013.47,24220
CE,2018,5,73,14627.89,24221
CE,2018,6,74,22740.35,24222
CE,2018,7,87,25707.61,24223
CE,2018,8,55,14740.04,24224
DF,2016,10,6,1498.71,24202
DF,2017,1,13,2427.3,24205
DF,2017,2,24,10951.56,24206
DF,2017,3,56,9906.06,24207
DF,2017,4,35,10622.76,24208
DF,2017,5,64,10716.97,24209
DF,2017,6,70,13084.55,24210
DF,2017,7,75,20738.16,24211
DF,2017,8,86,13813.42,24212
DF,2017,9,96,18390.94,24213
DF,2017,10,96,18676.74,24214
DF,2017,11,162,41648.62,24215
DF,2017,12,131,25110.010000000002,24216
DF,2018,1,138,25421.69,24217
DF,2018,2,171,29831.88,24218
DF,2018,3,150,30445.39,24219
DF,2018,4,148,26275.75,24220
DF,2018,5,144,34511.55,24221
DF,2018,6,150,27933.19,24222
DF,2018,7,166,30479.1,24223
DF,2018,8,144,30139.38,24224
ES,2016,10,4,1067.14,24202
ES,2017,1,11,2492.58,24205
ES,2017,2,34,6453.33,24206
ES,2017,3,48,7902.93,24207
ES,2017,4,46,7155.21,24208
ES,2017,5,93,19648.88,24209
ES,2017,6,79,14077.6,24210
ES,2017,7,82,11533.33,24211
ES,2017,8,95,18274.97,24212
ES,2017,9,93,16985.44,24213
ES,2017,10,100,14866.51,24214
ES,2017,11,170,34185.75,24215
ES,2017,12,111,15136.57,24216
ES,2018,1,146,26342.08,24217
ES,2018,2,151,24048.6,24218
ES,2018,3,134,23440.24,24219
ES,2018,4,142,25090.76,24220
ES,2018,5,134,30070.31,24221
ES,2018,6,124,26667.09,24222
ES,2018,7,123,58276.4,24223
ES,2018,8,105,22089.62,24224
GO,2016,10,8,1154.67,24202
GO,2017,1,18,16112.37,24205
GO,2017,2,27,3159.27,24206
GO,2017,3,50,14008.08,24207
GO,2017,4,41,8506.18,24208
GO,2017,5,86,21155.16,24209
GO,2017,6,79,12460.21,24210
GO,2017,7,77,11830.89,24211
GO,2017,8,92,64008.46000000001,24212
GO,2017,9,88,24317.04,24213
GO,2017,10,107,28007.219999999998,24214
GO,2017,11,156,30801.77,24215
GO,2017,12,127,20332.38,24216
GO,2018,1,146,26559.85,24217
GO,2018,2,149,27234.97,24218
GO,2018,3,146,50319.42,24219
GO,2018,4,134,26207.35,24220
GO,2018,5,138,35391.34,24221
GO,2018,6,105,18928.02,24222
GO,2018,7,115,48830.0,24223
GO,2018,8,118,24554.35,24224
MA,2016,10,4,4124.85,24202
MA,2017,1,7,798.1,24205
MA,2017,2,11,1195.23,24206
MA,2017,3,23,3625.27,24207
MA,2017,4,26,4235.83,24208
MA,2017,5,33,4658.15,24209
MA,2017,6,17,2358.23,24210
MA,2017,7,39,8573.74,24211
MA,2017,8,39,8395.2,24212
MA,2017,9,42,12309.45,24213
MA,2017,10,48,18597.24,24214
MA,2017,11,55,15222.28,24215
MA,2017,12,41,8522.68,24216
MA,2018,1,57,15296.2,24217
MA,2018,2,55,16923.989999999998,24218
MA,2018,3,53,15068.55,24219
MA,2018,4,46,10452.51,24220
MA,2018,5,32,24965.21,24221
MA,2018,6,42,8557.13,24222
MA,2018,7,40,9361.07,24223
MA,2018,8,30,5325.36,24224
MG,2016,10,40,6987.83,24202
MG,2017,1,106,26487.82,24205
MG,2017,2,251,43401.37,24206
MG,2017,3,352,64062.12,24207
MG,2017,4,275,60571.22,24208
MG,2017,5,424,67800.7,24209
MG,2017,6,360,62895.36,24210
MG,2017,7,445,81221.14,24211
MG,2017,8,466,84162.49,24212
MG,2017,9,501,113806.59,24213
MG,2017,10,553,114919.15,24214
MG,2017,11,932,227628.11,24215
MG,2017,12,681,132534.46,24216
MG,2018,1,860,171528.4,24217
MG,2018,2,800,149114.39,24218
MG,2018,3,876,165169.74,24219
MG,2018,4,786,159743.31,24220
MG,2018,5,759,172501.9,24221
MG,2018,6,717,153551.04,24222
MG,2018,7,656,135096.98,24223
MG,2018,8,704,132967.52,24224
MS,2017,1,1,170.36,24205
MS,2017,2,11,8202.24,24206
MS,2017,3,19,8412.26,24207
MS,2017,4,15,2499.12,24208
MS,2017,5,27,4501.38,24209
MS,2017,6,27,5218.6,24210
MS,2017,7,25,5290.6900000000005,24211
MS,2017,8,24,6189.04,24212
MS,2017,9,32,5927.3,24213
MS,2017,10,33,10547.87,24214
MS,2017,11,46,8797.7,24215
MS,2017,12,36,7359.1,24216
MS,2018,1,70,13512.1,24217
MS,2018,2,64,14757.53,24218
MS,2018,3,58,10885.52,24219
MS,2018,4,43,8732.66,24220
MS,2018,5,45,12380.25,24221
MS,2018,6,49,13430.11,24222
MS,2018,7,49,10000.2,24223
MS,2018,8,35,7523.25,24224
MT,2016,10,2,604.0699999999999,24202
MT,2017,1,11,3346.92,24205
MT,2017,2,17,4128.18,24206
MT,2017,3,16,4758.53,24207
MT,2017,4,27,4887.71,24208
MT,2017,5,37,8323.84,24209
MT,2017,6,25,4948.29,24210
MT,2017,7,38,14420.25,24211
MT,2017,8,38,14552.8,24212
MT,2017,9,35,10322.27,24213
MT,2017,10,50,19442.99,24214
MT,2017,11,74,21891.04,24215
MT,2017,12,50,13009.5,24216
MT,2018,1,85,17893.07,24217
MT,2018,2,67,10519.24,24218
MT,2018,3,55,12787.07,24219
MT,2018,4,65,14797.23,24220
MT,2018,5,66,18656.4,24221
MT,2018,6,58,31117.98,24222
MT,2018,7,47,18118.91,24223
MT,2018,8,40,8278.33,24224
PA,2016,10,4,1804.49,24202
PA,2017,1,12,3764.09,24205
PA,2017,2,25,12105.199999999999,24206
PA,2017,3,35,12720.0,24207
PA,2017,4,36,7169.45,24208
PA,2017,5,35,6570.7,24209
PA,2017,6,38,6918.59,24210
PA,2017,7,39,8206.6,24211
PA,2017,8,58,21953.829999999998,24212
PA,2017,9,41,8937.98,24213
PA,2017,10,53,11022.83,24214
PA,2017,11,70,16376.44,24215
PA,2017,12,58,13996.369999999999,24216
PA,2018,1,70,20015.63,24217
PA,2018,2,58,16658.16,24218
PA,2018,3,73,18366.11,24219
PA,2018,4,71,17738.96,24220
PA,2018,5,40,11684.67,24221
PA,2018,6,54,13693.23,24222
PA,2018,7,57,17053.51,24223
PA,2018,8,43,15031.51,24224
PB,2016,10,1,74.74,24202
PB,2017,1,2,463.13,24205
PB,2017,2,12,2544.3,24206
PB,2017,3,16,5533.51,24207
PB,2017,4,20,3828.8,24208
PB,2017,5,18,3887.03,24209
PB,2017,6,23,8001.360000000001,24210
PB,2017,7,27,11661.96,24211
PB,2017,8,16,4494.2,24212
PB,2017,9,28,7979.12,24213
PB,2017,10,29,12757.89,24214
PB,2017,11,29,6286.33,24215
PB,2017,12,37,7920.91,24216
PB,2018,1,31,8240.94,24217
PB,2018,2,35,9202.02,24218
PB,2018,3,39,11935.51,24219
PB,2018,4,31,5923.24,24220
PB,2018,5,29,6113.75,24221
PB,2018,6,28,15856.67,24222
PB,2018,7,52,38366.83,24223
PB,2018,8,29,9911.949999999999,24224
PE,2016,10,7,1688.49,24202
PE,2017,1,9,2151.93,24205
PE,2017,2,20,3525.48,24206
PE,2017,3,44,9965.960000000001,24207
PE,2017,4,40,5491.43,24208
PE,2017,5,67,16012.01,24209
PE,2017,6,45,9628.87,24210
PE,2017,7,73,17407.52,24211
PE,2017,8,85,17641.12,24212
PE,2017,9,76,22981.84,24213
PE,2017,10,80,22154.2,24214
PE,2017,11,126,32606.52,24215
PE,2017,12,103,23757.63,24216
PE,2018,1,104,20210.32,24217
PE,2018,2,125,22590.23,24218
PE,2018,3,108,30234.84,24219
PE,2018,4,114,27023.47,24220
PE,2018,5,106,18582.52,24221
PE,2018,6,94,21132.4,24222
PE,2018,7,137,34153.12,24223
PE,2018,8,85,17437.37,24224
PI,2016,10,1,246.09,24202
PI,2017,1,7,1453.98,24205
PI,2017,2,12,3956.57,24206
PI,2017,3,13,3509.92,24207
PI,2017,4,13,2870.02,24208
PI,2017,5,25,11823.54,24209
PI,2017,6,14,2626.96,24210
PI,2017,7,20,3610.5699999999997,24211
PI,2017,8,22,9127.98,24212
PI,2017,9,23,4115.3,24213
PI,2017,10,23,6271.16,24214
PI,2017,11,31,3916.71,24215
PI,2017,12,23,3982.77,24216
PI,2018,1,47,9632.74,24217
PI,2018,2,34,8054.52,24218
PI,2018,3,35,11634.14,24219
PI,2018,4,37,17286.55,24220
PI,2018,5,31,13696.07,24221
PI,2018,6,29,6513.42,24222
PI,2018,7,32,8471.11,24223
PI,2018,8,21,3979.84,24224
PR,2016,10,19,5955.41,24202
PR,2016,12,1,19.62,24204
PR,2017,1,65,8121.64,24205
PR,2017,2,112,29934.73,24206
PR,2017,3,125,23752.66,24207
PR,2017,4,114,24224.25,24208
PR,2017,5,213,47566.63,24209
PR,2017,6,170,35147.92,24210
PR,2017,7,197,35151.9,24211
PR,2017,8,222,41810.28,24212
PR,2017,9,179,40723.72,24213
PR,2017,10,203,49922.05,24214
PR,2017,11,371,89070.43000000001,24215
PR,2017,12,264,40122.26,24216
PR,2018,1,375,83417.73,24217
PR,2018,2,338,65631.49,24218
PR,2018,3,376,74900.23,24219
PR,2018,4,386,106597.54,24220
PR,2018,5,311,69496.12,24221
PR,2018,6,307,58805.35,24222
PR,2018,7,319,76618.11,24223
PR,2018,8,331,57613.92,24224
RJ,2016,10,49,13619.4,24202
RJ,2017,1,96,17011.97,24205
RJ,2017,2,246,50518.03,24206
RJ,2017,3,391,73638.45,24207
RJ,2017,4,334,73211.17,24208
RJ,2017,5,485,104688.25,24209
RJ,2017,6,410,70414.68,24210
RJ,2017,7,562,116306.17,24211
RJ,2017,8,556,112770.66,24212
RJ,2017,9,606,224645.02,24213
RJ,2017,10,662,144795.63,24214
RJ,2017,11,1040,231352.9,24215
RJ,2017,12,779,163602.86,24216
RJ,2018,1,887,178496.18,24217
RJ,2018,2,916,174149.21,24218
RJ,2018,3,906,181551.68,24219
RJ,2018,4,834,213628.24,24220
RJ,2018,5,830,194366.68,24221
RJ,2018,6,716,150841.54,24222
RJ,2018,7,715,151235.21,24223
RJ,2018,8,742,128503.51,24224
RN,2016,10,4,1348.54,24202
RN,2017,1,5,1268.13,24205
RN,2017,2,8,1101.25,24206
RN,2017,3,13,2104.6,24207
RN,2017,4,10,1957.45,24208
RN,2017,5,17,6193.65,24209
RN,2017,6,12,1593.06,24210
RN,2017,7,27,4545.79,24211
RN,2017,8,20,3586.57,24212
RN,2017,9,24,7580.44,24213
RN,2017,10,23,6654.95,24214
RN,2017,11,43,11307.0,24215
RN,2017,12,30,4585.34,24216
RN,2018,1,45,7671.18,24217
RN,2018,2,23,4733.25,24218
RN,2018,3,39,9516.69,24219
RN,2018,4,32,8371.29,24220
RN,2018,5,22,7060.24,24221
RN,2018,6,36,8782.16,24222
RN,2018,7,29,10309.57,24223
RN,2018,8,20,5993.75,24224
RO,2017,1,3,825.51,24205
RO,2017,2,10,4012.88,24206
RO,2017,3,16,4057.71,24207
RO,2017,4,9,1327.07,24208
RO,2017,5,8,828.88,24209
RO,2017,6,10,2708.45,24210
RO,2017,7,10,1428.64,24211
RO,2017,8,14,3489.77,24212
RO,2017,9,16,6228.459999999999,24213
RO,2017,10,14,2478.33,24214
RO,2017,11,17,7447.3099999999995,24215
RO,2017,12,11,2588.16,24216
RO,2018,1,20,3679.7200000000003,24217
RO,2018,2,13,2301.89,24218
RO,2018,3,13,3399.55,24219
RO,2018,4,11,4085.7200000000003,24220
RO,2018,5,17,3769.41,24221
RO,2018,6,11,2512.75,24222
RO,2018,7,16,5249.38,24223
RO,2018,8,8,3466.41,24224
RR,2016,9,1,272.46,24201
RR,2016,10,1,69.02,24202
RR,2017,2,2,108.74,24206
RR,2017,3,2,330.81,24207
RR,2017,4,2,106.89,24208
RR,2017,5,2,535.9300000000001,24209
RR,2017,6,3,175.18,24210
RR,2017,7,1,225.01,24211
RR,2017,9,1,65.37,24213
RR,2017,10,3,525.15,24214
RR,2017,11,2,151.46,24215
RR,2018,1,2,278.44,24217
RR,2018,2,5,384.01,24218
RR,2018,3,6,2643.64,24219
RR,2018,4,2,772.01,24220
RR,2018,5,1,171.69,24221
RR,2018,6,5,2520.27,24222
RR,2018,7,5,3126.13,24223
RS,2016,9,1,75.06,24201
RS,2016,10,23,5498.35,24202
RS,2017,1,53,16007.92,24205
RS,2017,2,104,20277.47,24206
RS,2017,3,148,27606.73,24207
RS,2017,4,139,34482.0,24208
RS,2017,5,206,38155.76,24209
RS,2017,6,220,43118.08,24210
RS,2017,7,246,41170.12,24211
RS,2017,8,299,48120.31,24212
RS,2017,9,277,52395.34,24213
RS,2017,10,248,73524.76,24214
RS,2017,11,417,93626.02,24215
RS,2017,12,280,57746.31,24216
RS,2018,1,373,68843.19,24217
RS,2018,2,368,72263.64,24218
RS,2018,3,416,80636.19,24219
RS,2018,4,349,72872.67,24220
RS,2018,5,351,84861.87,24221
RS,2018,6,304,60509.24,24222
RS,2018,7,314,67978.76,24223
RS,2018,8,296,87507.21,24224
SC,2016,10,10,4834.53,24202
SC,2017,1,31,8896.960000000001,24205
SC,2017,2,58,8883.53,24206
SC,2017,3,108,24309.53,24207
SC,2017,4,105,17518.89,24208
SC,2017,5,150,40998.37,24209
SC,2017,6,115,18659.52,24210
SC,2017,7,158,29740.78,24211
SC,2017,8,158,36560.61,24212
SC,2017,9,155,34425.12,24213
SC,2017,10,174,27960.09,24214
SC,2017,11,298,63491.65,24215
SC,2017,12,192,32553.51,24216
SC,2018,1,313,55413.47,24217
SC,2018,2,257,49304.78,24218
SC,2018,3,251,55272.37,24219
SC,2018,4,246,83479.52,24220
SC,2018,5,227,52648.72,24221
SC,2018,6,205,50550.35,24222
SC,2018,7,198,44229.61,24223
SC,2018,8,203,46611.8,24224
SE,2016,10,3,345.91999999999996,24202
SE,2017,1,4,381.78,24205
SE,2017,2,12,3825.38,24206
SE,2017,3,23,3976.33,24207
SE,2017,4,13,4488.950000000001,24208
SE,2017,5,11,1207.87,24209
SE,2017,6,9,2170.89,24210
SE,2017,7,13,1773.19,24211
SE,2017,8,20,6319.05,24212
SE,2017,9,16,3930.03,24213
SE,2017,10,22,5884.2,24214
SE,2017,11,26,7840.25,24215
SE,2017,12,20,6150.94,24216
SE,2018,1,20,3935.62,24217
SE,2018,2,15,7537.92,24218
SE,2018,3,18,4029.2,24219
SE,2018,4,14,3713.74,24220
SE,2018,5,8,1536.77,24221
SE,2018,6,28,8133.54,24222
SE,2018,7,27,5655.15,24223
SE,2018,8,23,5600.79,24224
SP,2016,10,109,19917.31,24202
SP,2017,1,295,66094.17,24205
SP,2017,2,633,105076.24,24206
SP,2017,3,998,185940.24,24207
SP,2017,4,901,183905.7,24208
SP,2017,5,1405,254090.85,24209
SP,2017,6,1316,233528.24,24210
SP,2017,7,1582,267678.43,24211
SP,2017,8,1707,282982.58,24212
SP,2017,9,1615,319095.6,24213
SP,2017,10,1765,363489.27,24214
SP,2017,11,2971,533328.02,24215
SP,2017,12,2336,397674.09,24216
SP,2018,1,3023,547417.15,24217
SP,2018,2,2687,493915.55,24218
SP,2018,3,3024,570031.37,24219
SP,2018,4,3055,580189.93,24220
SP,2018,5,3197,629659.07,24221
SP,2018,6,2769,521115.11,24222
SP,2018,7,2766,478022.85,24223
SP,2018,8,3218,563832.74,24224
SP,2018,9,1,166.46,24225
TO,2017,1,2,676.8599999999999,24205
TO,2017,2,7,939.55,24206
TO,2017,3,8,1141.29,24207
TO,2017,4,14,4283.71,24208
TO,2017,5,18,3198.91,24209
TO,2017,6,8,4594.5,24210
TO,2017,7,1,126.58,24211
TO,2017,8,15,2518.52,24212
TO,2017,9,16,5023.900000000001,24213
TO,2017,10,13,3393.77,24214
TO,2017,11,17,4251.02,24215
TO,2017,12,14,1998.02,24216
TO,2018,1,17,4759.47,24217
TO,2018,2,21,3609.04,24218
TO,2018,3,20,5699.69,24219
TO,2018,4,19,6383.31,24220
TO,2018,5,16,3314.33,24221
TO,2018,6,18,7143.26,24222
TO,2018,7,22,4309.21,24223
TO,2018,8,13,4916.23,24224
